date,game_pk,hitter_id,hitter,slot,team,opp_pitcher_id,opp_pitcher,season_k_pct,recent_k_pct,opp_pitcher_k_pct,park_factor,matchup_k_pct,expected_pa,proj_ks,line,over_odds,over_book,under_odds,under_book,n_books,p_over,novig_over,edge,ev_over,ev_under,actual_ks,actual_pa,error,over_hit,over_pnl,under_pnl
2026-04-30,823391,691023,Jordan Walker,4,St. Louis Cardinals,694973,Paul Skenes,0.315,0.348,0.303,1.0,0.442,4.35,1.92,,,,,,0,,,,,,1,5,-0.92,,,
2026-04-30,824848,683002,Gunnar Henderson,1,Baltimore Orioles,663567,Peter Lambert,0.303,0.333,0.288,1.0,0.404,4.65,1.88,,,,,,0,,,,,,1,5,-0.88,,,
2026-04-30,823795,669003,Garrett Mitchell,1,Milwaukee Brewers,647336,Michael Soroka,0.364,0.333,0.248,1.0,0.388,4.65,1.81,,,,,,0,,,,,,1,5,-0.81,,,
2026-04-30,823795,675659,Greg Jones,8,Milwaukee Brewers,647336,Michael Soroka,0.409,0.409,0.248,1.0,0.452,3.95,1.78,,,,,,0,,,,,,3,4,1.22,,,
2026-04-30,824848,681297,Colton Cowser,7,Baltimore Orioles,663567,Peter Lambert,0.309,0.351,0.288,1.0,0.417,4.05,1.69,,,,,,0,,,,,,1,4,-0.69,,,
2026-04-30,823634,695578,James Wood,1,Washington Nationals,642547,Freddy Peralta,0.323,0.333,0.245,1.02,0.364,4.65,1.69,,,,,,0,,,,,,2,4,0.31,,,
2026-04-30,823472,642715,Willy Adames,6,San Francisco Giants,650911,Cristopher Sánchez,0.31,0.379,0.264,1.0,0.397,4.15,1.65,,,,,,0,,,,,,1,4,-0.65,,,
2026-04-30,823472,671218,Heliot Ramos,1,San Francisco Giants,650911,Cristopher Sánchez,0.316,0.263,0.264,1.0,0.347,4.65,1.61,,,,,,0,,,,,,0,5,-1.61,,,
2026-04-30,823472,646240,Rafael Devers,5,San Francisco Giants,650911,Cristopher Sánchez,0.31,0.339,0.264,1.0,0.378,4.25,1.61,,,,,,0,,,,,,1,4,-0.61,,,
2026-04-30,823391,665833,Oneil Cruz,1,Pittsburgh Pirates,690928,Hunter Dobbins,0.35,0.389,0.211,1.0,0.342,4.65,1.59,,,,,,0,,,,,,2,5,0.41,,,
2026-04-30,824850,683002,Gunnar Henderson,1,Baltimore Orioles,621121,Lance McCullers Jr.,0.303,0.333,0.237,1.0,0.332,4.65,1.54,,,,,,0,,,,,,1,5,-0.54,,,
2026-04-30,823634,677588,José Tena,5,Washington Nationals,642547,Freddy Peralta,0.309,0.333,0.245,1.02,0.355,4.25,1.51,,,,,,0,,,,,,2,4,0.49,,,
2026-04-30,823391,669357,Nolan Gorman,5,St. Louis Cardinals,694973,Paul Skenes,0.282,0.233,0.303,1.0,0.353,4.25,1.5,,,,,,0,,,,,,2,5,0.5,,,
2026-04-30,823391,687363,Victor Scott II,9,St. Louis Cardinals,694973,Paul Skenes,0.272,0.318,0.303,1.0,0.391,3.85,1.5,,,,,,0,,,,,,1,4,-0.5,,,
2026-04-30,824848,691723,Coby Mayo,8,Baltimore Orioles,663567,Peter Lambert,0.291,0.283,0.288,1.0,0.368,3.95,1.45,,,,,,0,,,,,,1,4,-0.45,,,
2026-04-30,824848,677942,Blaze Alexander,9,Baltimore Orioles,663567,Peter Lambert,0.286,0.308,0.288,1.0,0.377,3.85,1.45,,,,,,0,,,,,,0,4,-1.45,,,
2026-04-30,823471,642715,Willy Adames,6,San Francisco Giants,641835,Tim Mayza,0.31,0.379,0.233,1.0,0.349,4.15,1.45,,,,,,0,,,,,,1,4,-0.45,,,
2026-04-30,823471,671218,Heliot Ramos,1,San Francisco Giants,641835,Tim Mayza,0.316,0.263,0.233,1.0,0.305,4.65,1.42,,,,,,0,,,,,,0,5,-1.42,,,
2026-04-30,823471,646240,Rafael Devers,5,San Francisco Giants,641835,Tim Mayza,0.31,0.339,0.233,1.0,0.333,4.25,1.41,,,,,,0,,,,,,1,4,-0.41,,,
2026-04-30,825016,687515,Colby Thomas,4,Athletics,702070,Noah Cameron,0.364,0.364,0.191,1.0,0.308,4.35,1.34,,,,,,0,,,,,,0,3,-1.34,,,
2026-04-30,823391,691026,Masyn Winn,6,St. Louis Cardinals,694973,Paul Skenes,0.221,0.258,0.303,1.0,0.317,4.15,1.32,,,,,,0,,,,,,2,5,0.68,,,
2026-04-30,824929,622761,Jorge Mateo,8,Atlanta Braves,664285,Framber Valdez,0.406,0.414,0.182,1.0,0.331,3.95,1.31,,,,,,0,,,,,,1,2,-0.31,,,
2026-04-30,824848,624413,Pete Alonso,4,Baltimore Orioles,663567,Peter Lambert,0.246,0.219,0.288,1.0,0.301,4.35,1.31,,,,,,0,,,,,,0,4,-1.31,,,
2026-04-30,824848,687637,Dylan Beavers,5,Baltimore Orioles,663567,Peter Lambert,0.233,0.241,0.288,1.0,0.303,4.25,1.29,,,,,,0,,,,,,1,4,-0.29,,,
2026-04-30,823634,686452,Drew Millas,8,Washington Nationals,642547,Freddy Peralta,0.276,0.294,0.245,1.02,0.315,3.95,1.24,,,,,,0,,,,,,2,2,0.76,,,
2026-04-30,823714,621439,Byron Buxton,1,Minnesota Twins,592332,Kevin Gausman,0.273,0.271,0.217,1.01,0.265,4.65,1.23,,,,,,0,,,,,,0,2,-1.23,,,
2026-04-30,824850,642215,Weston Wilson,8,Baltimore Orioles,621121,Lance McCullers Jr.,0.294,0.294,0.237,1.0,0.31,3.95,1.22,,,,,,0,,,,,,0,4,-1.22,,,
2026-04-30,824848,669236,Jeremiah Jackson,6,Baltimore Orioles,663567,Peter Lambert,0.231,0.224,0.288,1.0,0.292,4.15,1.21,,,,,,0,,,,,,0,4,-1.21,,,
2026-04-30,824929,681481,Kerry Carpenter,6,Detroit Tigers,693821,Bryce Elder,0.343,0.304,0.199,1.0,0.29,4.15,1.2,,,,,,0,,,,,,2,4,0.8,,,
2026-04-30,823391,701675,Nathan Church,7,St. Louis Cardinals,694973,Paul Skenes,0.239,0.193,0.303,1.0,0.297,4.05,1.2,,,,,,0,,,,,,1,5,-0.2,,,
2026-04-30,825016,516782,Starling Marte,6,Kansas City Royals,605488,Jeffrey Springs,0.286,0.286,0.223,1.0,0.284,4.15,1.18,,,,,,0,,,,,,0,4,-1.18,,,
2026-04-30,823472,656305,Matt Chapman,2,San Francisco Giants,650911,Cristopher Sánchez,0.212,0.231,0.264,1.0,0.258,4.55,1.17,,,,,,0,,,,,,1,5,-0.17,,,
2026-04-30,823795,680728,Adrian Del Castillo,4,Arizona Diamondbacks,605540,Brandon Woodruff,0.311,0.293,0.198,1.0,0.268,4.35,1.17,,,,,,0,,,,,,3,4,1.83,,,
2026-04-30,823391,686780,Pedro Pagés,8,St. Louis Cardinals,694973,Paul Skenes,0.222,0.211,0.303,1.0,0.293,3.95,1.16,,,,,,0,,,,,,2,5,0.84,,,
2026-04-30,823391,804606,Konnor Griffin,7,Pittsburgh Pirates,690928,Hunter Dobbins,0.3,0.316,0.211,1.0,0.287,4.05,1.16,,,,,,0,,,,,,2,4,0.84,,,
2026-04-30,823634,669004,MJ Melendez,3,New York Mets,571945,Miles Mikolas,0.364,0.364,0.157,1.02,0.259,4.45,1.15,,,,,,0,,,,,,0,3,-1.15,,,
2026-04-30,823795,682998,Corbin Carroll,3,Arizona Diamondbacks,605540,Brandon Woodruff,0.276,0.317,0.198,1.0,0.258,4.45,1.15,,,,,,0,,,,,,0,3,-1.15,,,
2026-04-30,823714,672960,Kazuma Okamoto,4,Toronto Blue Jays,641927,Bailey Ober,0.314,0.281,0.195,1.01,0.263,4.35,1.15,,,,,,0,,,,,,0,2,-1.15,,,
2026-04-30,823714,678218,Brandon Valenzuela,9,Toronto Blue Jays,641927,Bailey Ober,0.341,0.341,0.195,1.01,0.299,3.85,1.15,,,,,,0,,,,,,0,2,-1.15,,,
2026-04-30,823472,672275,Patrick Bailey,9,San Francisco Giants,650911,Cristopher Sánchez,0.235,0.277,0.264,1.0,0.295,3.85,1.14,,,,,,0,,,,,,2,4,0.86,,,
2026-04-30,824524,696100,Hunter Goodman,3,Colorado Rockies,671096,Andrew Abbott,0.38,0.412,0.146,1.0,0.254,4.45,1.13,,,,,,0,,,,,,3,5,1.87,,,
2026-04-30,825016,686555,Isaac Collins,8,Kansas City Royals,605488,Jeffrey Springs,0.301,0.268,0.223,1.0,0.286,3.95,1.13,,,,,,0,,,,,,0,4,-1.13,,,
2026-04-30,825016,701762,Nick Kurtz,3,Athletics,702070,Noah Cameron,0.324,0.264,0.191,1.0,0.254,4.45,1.13,,,,,,0,,,,,,1,4,-0.13,,,
2026-04-30,823391,668804,Bryan Reynolds,3,Pittsburgh Pirates,690928,Hunter Dobbins,0.268,0.273,0.211,1.0,0.252,4.45,1.12,,,,,,0,,,,,,1,5,-0.12,,,
2026-04-30,823795,668930,Brice Turang,2,Milwaukee Brewers,647336,Michael Soroka,0.217,0.232,0.248,1.0,0.246,4.55,1.12,,,,,,0,,,,,,0,5,-1.12,,,
2026-04-30,824850,687637,Dylan Beavers,3,Baltimore Orioles,621121,Lance McCullers Jr.,0.233,0.241,0.237,1.0,0.249,4.45,1.11,,,,,,0,,,,,,1,4,-0.11,,,
2026-04-30,823714,665019,Kody Clemens,6,Minnesota Twins,592332,Kevin Gausman,0.287,0.25,0.217,1.01,0.265,4.15,1.1,,,,,,0,,,,,,1,2,-0.1,,,
2026-04-30,824929,682985,Riley Greene,4,Detroit Tigers,693821,Bryce Elder,0.263,0.311,0.199,1.0,0.25,4.35,1.09,,,,,,0,,,,,,3,5,1.91,,,
2026-04-30,823391,802139,JJ Wetherholt,1,St. Louis Cardinals,694973,Paul Skenes,0.175,0.171,0.303,1.0,0.233,4.65,1.09,,,,,,0,,,,,,0,5,-1.09,,,
2026-04-30,824929,679529,Spencer Torkelson,5,Detroit Tigers,693821,Bryce Elder,0.283,0.293,0.199,1.0,0.254,4.25,1.08,,,,,,0,,,,,,1,5,-0.08,,,
2026-04-30,824850,624413,Pete Alonso,4,Baltimore Orioles,621121,Lance McCullers Jr.,0.246,0.219,0.237,1.0,0.248,4.35,1.08,,,,,,0,,,,,,0,4,-1.08,,,
2026-04-30,823795,543510,James McCann,9,Arizona Diamondbacks,605540,Brandon Woodruff,0.327,0.304,0.198,1.0,0.28,3.85,1.08,,,,,,0,,,,,,1,3,-0.08,,,
2026-04-30,823391,664040,Brandon Lowe,2,Pittsburgh Pirates,690928,Hunter Dobbins,0.24,0.269,0.211,1.0,0.235,4.55,1.07,,,,,,0,,,,,,0,5,-1.07,,,
2026-04-30,823472,656941,Kyle Schwarber,2,Philadelphia Phillies,657277,Logan Webb,0.29,0.239,0.197,1.0,0.236,4.55,1.07,,,,,,0,,,,,,0,4,-1.07,,,
2026-04-30,825016,695600,Carter Jensen,7,Kansas City Royals,605488,Jeffrey Springs,0.291,0.23,0.223,1.0,0.265,4.05,1.07,,,,,,0,,,,,,3,4,1.93,,,
2026-04-30,823634,677595,Ronny Mauricio,9,New York Mets,571945,Miles Mikolas,0.385,0.385,0.157,1.02,0.274,3.85,1.06,,,,,,0,,,,,,1,4,-0.06,,,
2026-04-30,823472,666464,Jerar Encarnacion,8,San Francisco Giants,650911,Cristopher Sánchez,0.226,0.226,0.264,1.0,0.265,3.95,1.05,,,,,,0,,,,,,1,3,-0.05,,,
2026-04-30,824929,701678,Hao-Yu  Lee,8,Detroit Tigers,693821,Bryce Elder,0.296,0.296,0.199,1.0,0.262,3.95,1.04,,,,,,0,,,,,,0,5,-1.04,,,
2026-04-30,824850,694212,Samuel Basallo,5,Baltimore Orioles,621121,Lance McCullers Jr.,0.261,0.19,0.237,1.0,0.245,4.25,1.04,,,,,,0,,,,,,4,5,2.96,,,
2026-04-30,823471,656305,Matt Chapman,2,San Francisco Giants,641835,Tim Mayza,0.212,0.231,0.233,1.0,0.227,4.55,1.03,,,,,,0,,,,,,1,5,-0.03,,,
2026-04-30,824850,641933,Tyler O'Neill,6,Baltimore Orioles,621121,Lance McCullers Jr.,0.234,0.234,0.237,1.0,0.246,4.15,1.02,,,,,,0,,,,,,0,4,-1.02,,,
2026-04-30,824850,694728,Brice Matthews,1,Houston Astros,687064,Brandon Young,0.391,0.333,0.132,1.0,0.216,4.65,1.01,,,,,,0,,,,,,2,4,0.99,,,
2026-04-30,824929,668670,Jake Rogers,9,Detroit Tigers,693821,Bryce Elder,0.294,0.294,0.199,1.0,0.26,3.85,1.0,,,,,,0,,,,,,1,3,0.0,,,
2026-04-30,823714,668904,Royce Lewis,9,Minnesota Twins,592332,Kevin Gausman,0.27,0.263,0.217,1.01,0.26,3.85,1.0,,,,,,0,,,,,,0,1,-1.0,,,
2026-04-30,823391,671056,Iván Herrera,2,St. Louis Cardinals,694973,Paul Skenes,0.154,0.174,0.303,1.0,0.218,4.55,0.99,,,,,,0,,,,,,2,5,1.01,,,
2026-04-30,823795,672012,Tyler Black,5,Milwaukee Brewers,647336,Michael Soroka,0.211,0.211,0.248,1.0,0.232,4.25,0.99,,,,,,0,,,,,,0,5,-0.99,,,
2026-04-30,823634,695734,Daylen Lile,3,Washington Nationals,642547,Freddy Peralta,0.179,0.227,0.245,1.02,0.22,4.45,0.98,,,,,,0,,,,,,0,4,-0.98,,,
2026-04-30,824524,686668,Brenton Doyle,2,Colorado Rockies,671096,Andrew Abbott,0.344,0.3,0.146,1.0,0.211,4.55,0.96,,,,,,0,,,,,,0,3,-0.96,,,
2026-04-30,823472,666969,Adolis García,4,Philadelphia Phillies,657277,Logan Webb,0.258,0.237,0.197,1.0,0.219,4.35,0.95,,,,,,0,,,,,,0,4,-0.95,,,
2026-04-30,823795,641343,Jake Bauers,4,Milwaukee Brewers,647336,Michael Soroka,0.202,0.19,0.248,1.0,0.218,4.35,0.95,,,,,,0,,,,,,0,5,-0.95,,,
2026-04-30,823391,676475,Alec Burleson,3,St. Louis Cardinals,694973,Paul Skenes,0.133,0.188,0.303,1.0,0.209,4.45,0.93,,,,,,0,,,,,,1,5,0.07,,,
2026-04-30,823714,543807,George Springer,1,Toronto Blue Jays,641927,Bailey Ober,0.224,0.238,0.195,1.01,0.201,4.65,0.93,,,,,,0,,,,,,1,3,0.07,,,
2026-04-30,824850,669236,Jeremiah Jackson,9,Baltimore Orioles,621121,Lance McCullers Jr.,0.231,0.224,0.237,1.0,0.24,3.85,0.92,,,,,,0,,,,,,0,4,-0.92,,,
2026-04-30,824524,650489,Willi Castro,5,Colorado Rockies,671096,Andrew Abbott,0.341,0.327,0.146,1.0,0.217,4.25,0.92,,,,,,0,,,,,,1,4,0.08,,,
2026-04-30,825016,521692,Salvador Perez,4,Kansas City Royals,605488,Jeffrey Springs,0.197,0.239,0.223,1.0,0.212,4.35,0.92,,,,,,0,,,,,,0,5,-0.92,,,
2026-04-30,824929,663586,Austin Riley,5,Atlanta Braves,664285,Framber Valdez,0.244,0.297,0.182,1.0,0.215,4.25,0.91,,,,,,0,,,,,,3,4,2.09,,,
2026-04-30,823634,682928,CJ Abrams,4,Washington Nationals,642547,Freddy Peralta,0.176,0.206,0.245,1.02,0.209,4.35,0.91,,,,,,0,,,,,,1,4,0.09,,,
2026-04-30,824524,682829,Elly De La Cruz,3,Cincinnati Reds,547179,Michael Lorenzen,0.29,0.303,0.15,1.0,0.197,4.45,0.88,,,,,,0,,,,,,2,4,1.12,,,
2026-04-30,823471,687551,Drew Gilbert,9,San Francisco Giants,641835,Tim Mayza,0.217,0.217,0.233,1.0,0.225,3.85,0.87,,,,,,0,,,,,,1,1,0.13,,,
2026-04-30,825016,671732,Lawrence Butler,9,Athletics,702070,Noah Cameron,0.269,0.264,0.191,1.0,0.227,3.85,0.87,,,,,,0,,,,,,1,4,0.13,,,
2026-04-30,823634,683083,Nasim Nuñez,7,Washington Nationals,642547,Freddy Peralta,0.198,0.175,0.245,1.02,0.21,4.05,0.85,,,,,,0,,,,,,0,4,-0.85,,,
2026-04-30,823795,666152,David Hamilton,9,Milwaukee Brewers,647336,Michael Soroka,0.176,0.235,0.248,1.0,0.22,3.85,0.85,,,,,,0,,,,,,1,4,0.15,,,
2026-04-30,824929,660670,Ronald Acuña Jr.,1,Atlanta Braves,664285,Framber Valdez,0.214,0.235,0.182,1.0,0.18,4.65,0.84,,,,,,0,,,,,,2,5,1.16,,,
2026-04-30,824848,694728,Brice Matthews,7,Houston Astros,605135,Chris Bassitt,0.391,0.333,0.126,1.0,0.207,4.05,0.84,,,,,,0,,,,,,2,4,1.16,,,
2026-04-30,823391,663968,Jake Mangum,8,Pittsburgh Pirates,690928,Hunter Dobbins,0.221,0.239,0.211,1.0,0.213,3.95,0.84,,,,,,0,,,,,,1,4,0.16,,,
2026-04-30,825016,672580,Maikel Garcia,1,Kansas City Royals,605488,Jeffrey Springs,0.175,0.188,0.223,1.0,0.178,4.65,0.83,,,,,,0,,,,,,0,5,-0.83,,,
2026-04-30,824850,665750,Leody Taveras,7,Baltimore Orioles,621121,Lance McCullers Jr.,0.203,0.179,0.237,1.0,0.203,4.05,0.82,,,,,,0,,,,,,1,4,0.18,,,
2026-04-30,823634,696285,Jacob Young,9,Washington Nationals,642547,Freddy Peralta,0.176,0.217,0.245,1.02,0.214,3.85,0.82,,,,,,0,,,,,,1,4,0.18,,,
2026-04-30,823472,607208,Trea Turner,1,Philadelphia Phillies,657277,Logan Webb,0.203,0.194,0.197,1.0,0.175,4.65,0.81,,,,,,0,,,,,,3,4,2.19,,,
2026-04-30,824524,680574,Matt McLain,2,Cincinnati Reds,547179,Michael Lorenzen,0.254,0.281,0.15,1.0,0.177,4.55,0.81,,,,,,0,,,,,,1,4,0.19,,,
2026-04-30,823634,683146,Brett Baty,5,New York Mets,571945,Miles Mikolas,0.276,0.255,0.157,1.02,0.191,4.25,0.81,,,,,,0,,,,,,0,2,-0.81,,,
2026-04-30,823472,669477,Casey Schmitt,4,San Francisco Giants,650911,Cristopher Sánchez,0.188,0.111,0.264,1.0,0.185,4.35,0.8,,,,,,0,,,,,,0,4,-0.8,,,
2026-04-30,824524,663886,Tyler Stephenson,6,Cincinnati Reds,547179,Michael Lorenzen,0.291,0.283,0.15,1.0,0.192,4.15,0.8,,,,,,0,,,,,,1,4,0.2,,,
2026-04-30,823714,682818,Yohendrick Pinango,7,Toronto Blue Jays,641927,Bailey Ober,0.0,0.0,0.195,1.01,0.197,4.05,0.8,,,,,,0,,,,,,0,2,-0.8,,,
2026-04-30,823634,671277,Luis García Jr.,2,Washington Nationals,642547,Freddy Peralta,0.154,0.16,0.245,1.02,0.174,4.55,0.79,,,,,,0,,,,,,1,4,0.21,,,
2026-04-30,825016,680869,Zack Gelof,8,Athletics,702070,Noah Cameron,0.237,0.237,0.191,1.0,0.201,3.95,0.79,,,,,,0,,,,,,0,4,-0.79,,,
2026-04-30,823391,680779,Henry Davis,9,Pittsburgh Pirates,690928,Hunter Dobbins,0.203,0.234,0.211,1.0,0.201,3.85,0.78,,,,,,0,,,,,,1,3,0.22,,,
2026-04-30,823714,662139,Daulton Varsho,5,Toronto Blue Jays,641927,Bailey Ober,0.187,0.241,0.195,1.01,0.183,4.25,0.78,,,,,,0,,,,,,1,2,0.22,,,
2026-04-30,823714,663616,Trevor Larnach,2,Minnesota Twins,592332,Kevin Gausman,0.169,0.19,0.217,1.01,0.172,4.55,0.78,,,,,,0,,,,,,0,2,-0.78,,,
2026-04-30,824929,686948,Drake Baldwin,2,Atlanta Braves,664285,Framber Valdez,0.192,0.235,0.182,1.0,0.169,4.55,0.77,,,,,,0,,,,,,2,4,1.23,,,
2026-04-30,823391,656811,Ryan O'Hearn,4,Pittsburgh Pirates,690928,Hunter Dobbins,0.181,0.2,0.211,1.0,0.177,4.35,0.77,,,,,,0,,,,,,1,5,0.23,,,
2026-04-30,824929,621566,Matt Olson,4,Atlanta Braves,664285,Framber Valdez,0.238,0.179,0.182,1.0,0.173,4.35,0.75,,,,,,0,,,,,,1,4,0.25,,,
2026-04-30,823472,669016,Brandon Marsh,5,Philadelphia Phillies,657277,Logan Webb,0.221,0.17,0.197,1.0,0.176,4.25,0.75,,,,,,0,,,,,,3,4,2.25,,,
2026-04-30,825016,669127,Shea Langeliers,2,Athletics,702070,Noah Cameron,0.228,0.141,0.191,1.0,0.164,4.55,0.75,,,,,,0,,,,,,0,4,-0.75,,,
2026-04-30,823391,693304,Nick Gonzales,5,Pittsburgh Pirates,690928,Hunter Dobbins,0.188,0.186,0.211,1.0,0.175,4.25,0.74,,,,,,0,,,,,,0,4,-0.74,,,
2026-04-30,823472,547180,Bryce Harper,3,Philadelphia Phillies,657277,Logan Webb,0.168,0.222,0.197,1.0,0.166,4.45,0.74,,,,,,0,,,,,,0,4,-0.74,,,
2026-04-30,824524,678662,Ezequiel Tovar,8,Colorado Rockies,671096,Andrew Abbott,0.289,0.288,0.146,1.0,0.187,3.95,0.74,,,,,,0,,,,,,0,2,-0.74,,,
2026-04-30,825016,677951,Bobby Witt Jr.,2,Kansas City Royals,605488,Jeffrey Springs,0.165,0.159,0.223,1.0,0.162,4.55,0.74,,,,,,0,,,,,,1,5,0.26,,,
2026-04-30,824848,668939,Adley Rutschman,3,Baltimore Orioles,663567,Peter Lambert,0.125,0.133,0.288,1.0,0.164,4.45,0.73,,,,,,0,,,,,,0,4,-0.73,,,
2026-04-30,824524,666181,Will Benson,9,Cincinnati Reds,547179,Michael Lorenzen,0.28,0.286,0.15,1.0,0.189,3.85,0.73,,,,,,0,,,,,,2,4,1.27,,,
2026-04-30,823634,668901,Mark Vientos,4,New York Mets,571945,Miles Mikolas,0.229,0.245,0.157,1.02,0.168,4.35,0.73,,,,,,0,,,,,,0,4,-0.73,,,
2026-04-30,824929,690993,Colt Keith,3,Detroit Tigers,693821,Bryce Elder,0.198,0.156,0.199,1.0,0.16,4.45,0.71,,,,,,0,,,,,,0,4,-0.71,,,
2026-04-30,823471,669477,Casey Schmitt,4,San Francisco Giants,641835,Tim Mayza,0.188,0.111,0.233,1.0,0.163,4.35,0.71,,,,,,0,,,,,,0,4,-0.71,,,
2026-04-30,823795,677950,Alek Thomas,8,Arizona Diamondbacks,605540,Brandon Woodruff,0.211,0.193,0.198,1.0,0.18,3.95,0.71,,,,,,0,,,,,,2,3,1.29,,,
2026-04-30,823472,681082,Bryson Stott,6,Philadelphia Phillies,657277,Logan Webb,0.191,0.196,0.197,1.0,0.17,4.15,0.7,,,,,,0,,,,,,2,4,1.3,,,
2026-04-30,824524,670770,TJ Friedl,1,Cincinnati Reds,547179,Michael Lorenzen,0.23,0.21,0.15,1.0,0.148,4.65,0.69,,,,,,0,,,,,,1,4,0.31,,,
2026-04-30,823795,606466,Ketel Marte,2,Arizona Diamondbacks,605540,Brandon Woodruff,0.183,0.156,0.198,1.0,0.152,4.55,0.69,,,,,,0,,,,,,2,4,1.31,,,
2026-04-30,824850,701358,Cam Smith,7,Houston Astros,687064,Brandon Young,0.274,0.3,0.132,1.0,0.167,4.05,0.68,,,,,,0,,,,,,1,5,0.32,,,
2026-04-30,824850,669699,Braden Shewmake,9,Houston Astros,687064,Brandon Young,0.3,0.3,0.132,1.0,0.176,3.85,0.68,,,,,,0,,,,,,2,5,1.32,,,
2026-04-30,823471,606992,Eric Haase,8,San Francisco Giants,641835,Tim Mayza,0.167,0.167,0.233,1.0,0.173,3.95,0.68,,,,,,0,,,,,,1,3,0.32,,,
2026-04-30,825016,657041,Lane Thomas,3,Kansas City Royals,605488,Jeffrey Springs,0.176,0.12,0.223,1.0,0.152,4.45,0.68,,,,,,0,,,,,,1,4,0.32,,,
2026-04-30,823472,665561,Rafael Marchán,9,Philadelphia Phillies,657277,Logan Webb,0.2,0.2,0.197,1.0,0.175,3.85,0.67,,,,,,0,,,,,,0,3,-0.67,,,
2026-04-30,823714,660821,Jesús Sánchez,2,Toronto Blue Jays,641927,Bailey Ober,0.18,0.152,0.195,1.01,0.148,4.55,0.67,,,,,,0,,,,,,0,3,-0.67,,,
2026-04-30,823714,668885,Austin Martin,5,Minnesota Twins,592332,Kevin Gausman,0.155,0.174,0.217,1.01,0.158,4.25,0.67,,,,,,0,,,,,,0,2,-0.67,,,
2026-04-30,824524,687597,Jordan Beck,1,Colorado Rockies,671096,Andrew Abbott,0.224,0.209,0.146,1.0,0.141,4.65,0.66,,,,,,0,,,,,,1,3,0.34,,,
2026-04-30,823714,807712,Luke Keaschall,7,Minnesota Twins,592332,Kevin Gausman,0.163,0.177,0.217,1.01,0.164,4.05,0.66,,,,,,0,,,,,,0,1,-0.66,,,
2026-04-30,823472,624641,Edmundo Sosa,7,Philadelphia Phillies,657277,Logan Webb,0.182,0.186,0.197,1.0,0.161,4.05,0.65,,,,,,0,,,,,,0,4,-0.65,,,
2026-04-30,823714,686797,Brooks Lee,8,Minnesota Twins,592332,Kevin Gausman,0.181,0.15,0.217,1.01,0.164,3.95,0.65,,,,,,0,,,,,,0,1,-0.65,,,
2026-04-30,824848,621493,Taylor Ward,2,Baltimore Orioles,663567,Peter Lambert,0.146,0.058,0.288,1.0,0.142,4.55,0.64,,,,,,0,,,,,,1,4,0.36,,,
2026-04-30,823472,702222,Justin Crawford,8,Philadelphia Phillies,657277,Logan Webb,0.192,0.175,0.197,1.0,0.162,3.95,0.64,,,,,,0,,,,,,0,4,-0.64,,,
2026-04-30,824524,668715,Spencer Steer,8,Cincinnati Reds,547179,Michael Lorenzen,0.255,0.218,0.15,1.0,0.16,3.95,0.63,,,,,,0,,,,,,0,4,-0.63,,,
2026-04-30,823634,701807,Carson Benge,7,New York Mets,571945,Miles Mikolas,0.237,0.188,0.157,1.02,0.155,4.05,0.63,,,,,,0,,,,,,2,4,1.37,,,
2026-04-30,823714,680777,Ryan Jeffers,3,Minnesota Twins,592332,Kevin Gausman,0.17,0.107,0.217,1.01,0.141,4.45,0.63,,,,,,0,,,,,,0,2,-0.63,,,
2026-04-30,823714,605137,Josh Bell,4,Minnesota Twins,592332,Kevin Gausman,0.184,0.097,0.217,1.01,0.145,4.35,0.63,,,,,,0,,,,,,0,2,-0.63,,,
2026-04-30,823472,808982,Jung Hoo Lee,7,San Francisco Giants,650911,Cristopher Sánchez,0.139,0.115,0.264,1.0,0.152,4.05,0.62,,,,,,0,,,,,,2,4,1.38,,,
2026-04-30,823795,672695,Geraldo Perdomo,1,Arizona Diamondbacks,605540,Brandon Woodruff,0.126,0.19,0.198,1.0,0.134,4.65,0.62,,,,,,0,,,,,,0,4,-0.62,,,
2026-04-30,824929,643289,Mauricio Dubón,6,Atlanta Braves,664285,Framber Valdez,0.171,0.19,0.182,1.0,0.144,4.15,0.6,,,,,,0,,,,,,0,4,-0.6,,,
2026-04-30,823471,656941,Kyle Schwarber,2,Philadelphia Phillies,605288,Adrian Houser,0.29,0.239,0.108,1.0,0.129,4.55,0.59,,,,,,0,,,,,,0,4,-0.59,,,
2026-04-30,823795,571448,Nolan Arenado,7,Arizona Diamondbacks,605540,Brandon Woodruff,0.19,0.125,0.198,1.0,0.145,4.05,0.59,,,,,,0,,,,,,1,3,0.41,,,
2026-04-30,825016,642851,Austin Wynns,7,Athletics,702070,Noah Cameron,0.171,0.171,0.191,1.0,0.145,4.05,0.59,,,,,,0,,,,,,1,4,0.41,,,
2026-04-30,823634,543760,Marcus Semien,6,New York Mets,571945,Miles Mikolas,0.198,0.193,0.157,1.02,0.14,4.15,0.58,,,,,,0,,,,,,0,4,-0.58,,,
2026-04-30,823795,666971,Lourdes Gurriel Jr.,6,Arizona Diamondbacks,605540,Brandon Woodruff,0.158,0.158,0.198,1.0,0.139,4.15,0.58,,,,,,0,,,,,,2,4,1.42,,,
2026-04-30,823714,665926,Andrés Giménez,8,Toronto Blue Jays,641927,Bailey Ober,0.156,0.185,0.195,1.01,0.147,3.95,0.58,,,,,,0,,,,,,0,2,-0.58,,,
2026-04-30,824524,691720,Kyle Karros,7,Colorado Rockies,671096,Andrew Abbott,0.223,0.211,0.146,1.0,0.141,4.05,0.57,,,,,,0,,,,,,1,4,0.43,,,
2026-04-30,823634,666182,Bo Bichette,1,New York Mets,571945,Miles Mikolas,0.199,0.129,0.157,1.02,0.122,4.65,0.57,,,,,,0,,,,,,0,4,-0.57,,,
2026-04-30,824524,701398,Sal Stewart,4,Cincinnati Reds,547179,Michael Lorenzen,0.179,0.215,0.15,1.0,0.129,4.35,0.56,,,,,,0,,,,,,0,4,-0.56,,,
2026-04-30,824929,642201,Eli White,9,Atlanta Braves,664285,Framber Valdez,0.186,0.162,0.182,1.0,0.143,3.85,0.55,,,,,,0,,,,,,2,3,1.45,,,
2026-04-30,824929,650402,Gleyber Torres,2,Detroit Tigers,693821,Bryce Elder,0.153,0.103,0.199,1.0,0.118,4.55,0.54,,,,,,0,,,,,,0,5,-0.54,,,
2026-04-30,823471,808982,Jung Hoo Lee,7,San Francisco Giants,641835,Tim Mayza,0.139,0.115,0.233,1.0,0.134,4.05,0.54,,,,,,0,,,,,,2,4,1.46,,,
2026-04-30,823634,620443,Luis Torrens,8,New York Mets,571945,Miles Mikolas,0.194,0.194,0.157,1.02,0.138,3.95,0.54,,,,,,0,,,,,,1,3,0.46,,,
2026-04-30,824929,805808,Kevin McGonigle,1,Detroit Tigers,693821,Bryce Elder,0.125,0.132,0.199,1.0,0.113,4.65,0.53,,,,,,0,,,,,,0,5,-0.53,,,
2026-04-30,824850,621493,Taylor Ward,2,Baltimore Orioles,621121,Lance McCullers Jr.,0.146,0.058,0.237,1.0,0.117,4.55,0.53,,,,,,0,,,,,,1,4,0.47,,,
2026-04-30,823471,666969,Adolis García,4,Philadelphia Phillies,605288,Adrian Houser,0.258,0.237,0.108,1.0,0.12,4.35,0.52,,,,,,0,,,,,,0,4,-0.52,,,
2026-04-30,824524,687859,Troy Johnston,9,Colorado Rockies,671096,Andrew Abbott,0.208,0.214,0.146,1.0,0.136,3.85,0.52,,,,,,0,,,,,,1,4,0.48,,,
2026-04-30,823714,665489,Vladimir Guerrero Jr.,3,Toronto Blue Jays,641927,Bailey Ober,0.117,0.155,0.195,1.01,0.116,4.45,0.52,,,,,,0,,,,,,0,2,-0.52,,,
2026-04-30,824929,571657,Kyle Farmer,7,Atlanta Braves,664285,Framber Valdez,0.154,0.154,0.182,1.0,0.124,4.05,0.5,,,,,,0,,,,,,0,3,-0.5,,,
2026-04-30,824848,621043,Carlos Correa,1,Houston Astros,605135,Chris Bassitt,0.172,0.215,0.126,1.0,0.106,4.65,0.5,,,,,,0,,,,,,1,5,0.5,,,
2026-04-30,823795,650859,Luis Rengifo,6,Milwaukee Brewers,647336,Michael Soroka,0.126,0.082,0.248,1.0,0.12,4.15,0.5,,,,,,0,,,,,,1,5,0.5,,,
2026-04-30,824929,663837,Matt Vierling,7,Detroit Tigers,693821,Bryce Elder,0.157,0.104,0.199,1.0,0.12,4.05,0.49,,,,,,0,,,,,,1,5,0.51,,,
2026-04-30,823391,687462,Spencer Horwitz,6,Pittsburgh Pirates,690928,Hunter Dobbins,0.147,0.096,0.211,1.0,0.119,4.15,0.49,,,,,,0,,,,,,0,4,-0.49,,,
2026-04-30,823634,678391,Jorbit Vivas,6,Washington Nationals,642547,Freddy Peralta,0.105,0.104,0.245,1.02,0.117,4.15,0.48,,,,,,0,,,,,,0,4,-0.48,,,
2026-04-30,823795,661388,William Contreras,3,Milwaukee Brewers,647336,Michael Soroka,0.113,0.077,0.248,1.0,0.109,4.45,0.48,,,,,,0,,,,,,0,5,-0.48,,,
2026-04-30,824850,572233,Christian Walker,4,Houston Astros,687064,Brandon Young,0.176,0.19,0.132,1.0,0.107,4.35,0.46,,,,,,0,,,,,,1,4,0.54,,,
2026-04-30,824848,514888,Jose Altuve,5,Houston Astros,605135,Chris Bassitt,0.186,0.191,0.126,1.0,0.106,4.25,0.45,,,,,,0,,,,,,0,4,-0.45,,,
2026-04-30,824848,572233,Christian Walker,4,Houston Astros,605135,Chris Bassitt,0.176,0.19,0.126,1.0,0.102,4.35,0.44,,,,,,0,,,,,,1,4,0.56,,,
2026-04-30,824850,669288,Daniel Johnson,8,Houston Astros,687064,Brandon Young,0.188,0.188,0.132,1.0,0.11,3.95,0.44,,,,,,0,,,,,,0,1,-0.44,,,
2026-04-30,823471,607208,Trea Turner,1,Philadelphia Phillies,605288,Adrian Houser,0.203,0.194,0.108,1.0,0.096,4.65,0.44,,,,,,0,,,,,,3,4,2.56,,,
2026-04-30,825016,687231,Darell Hernaiz,5,Athletics,702070,Noah Cameron,0.133,0.103,0.191,1.0,0.103,4.25,0.44,,,,,,0,,,,,,0,4,-0.44,,,
2026-04-30,824524,663993,Nathaniel Lowe,5,Cincinnati Reds,547179,Michael Lorenzen,0.136,0.163,0.15,1.0,0.098,4.25,0.42,,,,,,0,,,,,,0,4,-0.42,,,
2026-04-30,823795,545121,Ildemaro Vargas,5,Arizona Diamondbacks,605540,Brandon Woodruff,0.116,0.108,0.198,1.0,0.099,4.25,0.42,,,,,,0,,,,,,0,4,-0.42,,,
2026-04-30,823795,686217,Sal Frelick,7,Milwaukee Brewers,647336,Michael Soroka,0.119,0.058,0.248,1.0,0.105,4.05,0.42,,,,,,0,,,,,,0,5,-0.42,,,
2026-04-30,825016,805779,Jacob Wilson,1,Athletics,702070,Noah Cameron,0.115,0.09,0.191,1.0,0.089,4.65,0.41,,,,,,0,,,,,,0,5,-0.41,,,
2026-04-30,823471,547180,Bryce Harper,3,Philadelphia Phillies,605288,Adrian Houser,0.168,0.222,0.108,1.0,0.091,4.45,0.4,,,,,,0,,,,,,0,4,-0.4,,,
2026-04-30,823471,681082,Bryson Stott,5,Philadelphia Phillies,605288,Adrian Houser,0.191,0.196,0.108,1.0,0.093,4.25,0.39,,,,,,0,,,,,,2,4,1.61,,,
2026-04-30,824524,681198,TJ Rumfield,6,Colorado Rockies,671096,Andrew Abbott,0.157,0.125,0.146,1.0,0.094,4.15,0.39,,,,,,0,,,,,,1,4,0.61,,,
2026-04-30,823634,665742,Juan Soto,2,New York Mets,571945,Miles Mikolas,0.118,0.127,0.157,1.02,0.087,4.55,0.39,,,,,,0,,,,,,0,4,-0.39,,,
2026-04-30,824850,670623,Isaac Paredes,3,Houston Astros,687064,Brandon Young,0.161,0.115,0.132,1.0,0.084,4.45,0.37,,,,,,0,,,,,,0,4,-0.37,,,
2026-04-30,824850,673237,Yainer Diaz,6,Houston Astros,687064,Brandon Young,0.155,0.15,0.132,1.0,0.09,4.15,0.37,,,,,,0,,,,,,1,4,0.63,,,
2026-04-30,824848,670623,Isaac Paredes,3,Houston Astros,605135,Chris Bassitt,0.161,0.115,0.126,1.0,0.08,4.45,0.36,,,,,,0,,,,,,0,4,-0.36,,,
2026-04-30,824848,673237,Yainer Diaz,6,Houston Astros,605135,Chris Bassitt,0.155,0.15,0.126,1.0,0.086,4.15,0.36,,,,,,0,,,,,,1,4,0.64,,,
2026-04-30,823471,702222,Justin Crawford,7,Philadelphia Phillies,605288,Adrian Houser,0.192,0.175,0.108,1.0,0.089,4.05,0.36,,,,,,0,,,,,,0,4,-0.36,,,
2026-04-30,825016,666126,Carlos Cortes,6,Athletics,702070,Noah Cameron,0.09,0.113,0.191,1.0,0.084,4.15,0.35,,,,,,0,,,,,,2,4,1.65,,,
2026-04-30,824850,687957,Dustin Harris,5,Houston Astros,687064,Brandon Young,0.136,0.136,0.132,1.0,0.08,4.25,0.34,,,,,,0,,,,,,0,4,-0.34,,,
2026-04-30,823471,664761,Alec Bohm,6,Philadelphia Phillies,605288,Adrian Houser,0.169,0.172,0.108,1.0,0.082,4.15,0.34,,,,,,0,,,,,,1,4,0.66,,,
2026-04-30,825016,679845,Nick Loftin,5,Kansas City Royals,605488,Jeffrey Springs,0.081,0.081,0.223,1.0,0.08,4.25,0.34,,,,,,0,,,,,,0,3,-0.34,,,
2026-04-30,824929,645277,Ozzie Albies,3,Atlanta Braves,664285,Framber Valdez,0.118,0.047,0.182,1.0,0.072,4.45,0.32,,,,,,0,,,,,,0,4,-0.32,,,
2026-04-30,825016,553869,Elias Díaz,9,Kansas City Royals,605488,Jeffrey Springs,0.083,0.083,0.223,1.0,0.083,3.85,0.32,,,,,,0,,,,,,0,4,-0.32,,,
2026-04-30,824848,543877,Christian Vázquez,9,Houston Astros,605135,Chris Bassitt,0.145,0.145,0.126,1.0,0.082,3.85,0.31,,,,,,0,,,,,,0,4,-0.31,,,
2026-04-30,824848,687957,Dustin Harris,8,Houston Astros,605135,Chris Bassitt,0.136,0.136,0.126,1.0,0.077,3.95,0.3,,,,,,0,,,,,,0,4,-0.3,,,
2026-04-30,824524,671289,Tyler Freeman,4,Colorado Rockies,671096,Andrew Abbott,0.108,0.109,0.146,1.0,0.07,4.35,0.3,,,,,,0,,,,,,0,4,-0.3,,,
2026-04-30,824524,668709,JJ Bleday,7,Cincinnati Reds,547179,Michael Lorenzen,0.111,0.111,0.15,1.0,0.074,4.05,0.3,,,,,,0,,,,,,0,3,-0.3,,,
2026-04-30,823714,676391,Ernie Clement,6,Toronto Blue Jays,641927,Bailey Ober,0.07,0.098,0.195,1.01,0.071,4.15,0.3,,,,,,0,,,,,,0,2,-0.3,,,
2026-04-30,823471,694025,Felix Reyes,8,Philadelphia Phillies,605288,Adrian Houser,0.143,0.143,0.108,1.0,0.068,3.95,0.27,,,,,,0,,,,,,0,3,-0.27,,,
2026-04-30,824850,670541,Yordan Alvarez,2,Houston Astros,687064,Brandon Young,0.098,0.09,0.132,1.0,0.056,4.55,0.25,,,,,,0,,,,,,2,4,1.75,,,
2026-04-30,824848,670541,Yordan Alvarez,2,Houston Astros,605135,Chris Bassitt,0.098,0.09,0.126,1.0,0.053,4.55,0.24,,,,,,0,,,,,,2,4,1.76,,,
2026-04-30,823472,650333,Luis Arraez,3,San Francisco Giants,650911,Cristopher Sánchez,0.047,0.031,0.264,1.0,0.048,4.45,0.21,,,,,,0,,,,,,1,4,0.79,,,
2026-04-30,823471,650333,Luis Arraez,3,San Francisco Giants,641835,Tim Mayza,0.047,0.031,0.233,1.0,0.042,4.45,0.19,,,,,,0,,,,,,1,4,0.81,,,
2026-04-30,823471,596117,Garrett Stubbs,9,Philadelphia Phillies,605288,Adrian Houser,0.1,0.1,0.108,1.0,0.048,3.85,0.18,,,,,,0,,,,,,1,3,0.82,,,
